time_ms,duration,gpu_utilization,gpu_memory_utilization,gpu_memory_total,gpu_memory_used,gpu_memory_free,gpu_temperature,gpu_power_draw,ondemand_cost,reserved_one_year_cost,reserved_three_year_cost,spot_cost,instance_type,file_path,image_count
1717758608179,0.9462400476137797,36,27,7680,6928,684,52,47.77,0.011828000595172247,0.008689637770586544,0.006891781680120362,0.005787834957904286,g3s.xlarge,/Users/Rang/Documents/benchmarking-sd/g3s.xlarge/log/mlperf_log.json,1
1717758663287,0.8707244714101156,52,39,7680,6928,684,62,50.64,0.010884055892626445,0.007996153062449562,0.006341776566770341,0.0053259313501252065,g3s.xlarge,/Users/Rang/Documents/benchmarking-sd/g3s.xlarge/log/mlperf_log.json,2
1717758718369,0.8746458530426026,38,28,7680,6928,684,68,52.56,0.010933073163032532,0.0080321644171079,0.006370337296326955,0.005349917134443919,g3s.xlarge,/Users/Rang/Documents/benchmarking-sd/g3s.xlarge/log/mlperf_log.json,3
1717758773576,0.8771194497744242,78,47,7680,6928,684,71,53.16,0.010963993122180302,0.008054880280428462,0.006388353325857056,0.005365047301120228,g3s.xlarge,/Users/Rang/Documents/benchmarking-sd/g3s.xlarge/log/mlperf_log.json,4
1717758828979,0.8797889669736226,73,51,7680,6928,684,71,53.28,0.010997362087170283,0.008079395346707768,0.006407796309457885,0.005381375847988658,g3s.xlarge,/Users/Rang/Documents/benchmarking-sd/g3s.xlarge/log/mlperf_log.json,5
1717758884371,0.8795476436614991,31,23,7680,6928,684,71,54.12,0.010994345545768738,0.008077179194291434,0.0064060386713345845,0.005379899753729503,g3s.xlarge,/Users/Rang/Documents/benchmarking-sd/g3s.xlarge/log/mlperf_log.json,6
1717758939846,0.8808018048604329,65,48,7680,6928,684,71,54.0,0.011010022560755412,0.008088696574634976,0.0064151731454001526,0.005387571039729647,g3s.xlarge,/Users/Rang/Documents/benchmarking-sd/g3s.xlarge/log/mlperf_log.json,7
1717758995279,0.8802513639132182,65,49,7680,6928,684,71,53.65,0.011003142048915227,0.008083641691936387,0.006411164100501272,0.005384204175935851,g3s.xlarge,/Users/Rang/Documents/benchmarking-sd/g3s.xlarge/log/mlperf_log.json,8
1717759050701,0.8800244212150574,63,47,7680,6928,684,72,54.0,0.011000305265188217,0.008081557601491611,0.006409511201183001,0.005382816043098767,g3s.xlarge,/Users/Rang/Documents/benchmarking-sd/g3s.xlarge/log/mlperf_log.json,9
1717759106160,0.8805506388346355,73,53,7680,6928,684,72,54.26,0.011006882985432943,0.00808639003329807,0.006413343819512261,0.005386034740871853,g3s.xlarge,/Users/Rang/Documents/benchmarking-sd/g3s.xlarge/log/mlperf_log.json,10
1717759161529,0.8793400526046753,30,23,7680,6928,684,72,53.87,0.01099175065755844,0.008075272816419602,0.0064045267164707185,0.00537862998843193,g3s.xlarge,/Users/Rang/Documents/benchmarking-sd/g3s.xlarge/log/mlperf_log.json,11
1717759216874,0.8790417353312174,74,55,7680,6928,684,72,54.74,0.010988021691640218,0.008072533269458348,0.006402353972329034,0.00537680528110928,g3s.xlarge,/Users/Rang/Documents/benchmarking-sd/g3s.xlarge/log/mlperf_log.json,12
1717759272316,0.8799362619717915,74,55,7680,6928,684,72,54.24,0.010999203274647394,0.008080748005774288,0.006408869108027882,0.005382276802394125,g3s.xlarge,/Users/Rang/Documents/benchmarking-sd/g3s.xlarge/log/mlperf_log.json,13
1717759327734,0.8801870822906495,65,49,7680,6928,684,72,54.0,0.011002338528633117,0.008083051372369131,0.006410695916016897,0.005383810986677806,g3s.xlarge,/Users/Rang/Documents/benchmarking-sd/g3s.xlarge/log/mlperf_log.json,14
1717759383229,0.8812724987665812,72,50,7680,6928,684,72,54.0,0.011015906234582266,0.008093019113673104,0.006418601366016599,0.005390450117455588,g3s.xlarge,/Users/Rang/Documents/benchmarking-sd/g3s.xlarge/log/mlperf_log.json,15
1717759438749,0.881876802444458,29,21,7680,6928,684,72,54.0,0.011023460030555725,0.008098568635781607,0.006423002711137136,0.005394146441618602,g3s.xlarge,/Users/Rang/Documents/benchmarking-sd/g3s.xlarge/log/mlperf_log.json,16
1717759494286,0.8818344235420227,11,8,7680,6928,684,72,53.88,0.011022930294275285,0.008098179456194243,0.006422694051464399,0.005393887223998706,g3s.xlarge,/Users/Rang/Documents/benchmarking-sd/g3s.xlarge/log/mlperf_log.json,17
1717759549712,0.8801673094431559,79,48,7680,6928,684,72,54.49,0.011002091368039448,0.00808286979171965,0.006410551903777652,0.005383690042760637,g3s.xlarge,/Users/Rang/Documents/benchmarking-sd/g3s.xlarge/log/mlperf_log.json,18
1717759605199,0.8812901775042216,42,32,7680,6928,684,73,53.89,0.01101612721880277,0.008093181463413769,0.006418730126155747,0.005390558252400822,g3s.xlarge,/Users/Rang/Documents/benchmarking-sd/g3s.xlarge/log/mlperf_log.json,19
1717759660719,0.8817730188369751,66,49,7680,6928,684,73,54.38,0.011022162735462188,0.008097615556319555,0.006422246820529302,0.005393511631886164,g3s.xlarge,/Users/Rang/Documents/benchmarking-sd/g3s.xlarge/log/mlperf_log.json,20
1717759716215,0.8812790393829346,13,10,7680,6928,684,72,54.11,0.011015987992286683,0.008093079178333283,0.006418649003505707,0.005390490124225616,g3s.xlarge,/Users/Rang/Documents/benchmarking-sd/g3s.xlarge/log/mlperf_log.json,21
1717759771575,0.8794939637184143,66,49,7680,6928,684,72,54.61,0.010993674546480179,0.008076686233480772,0.006405647702415784,0.0053795714114109675,g3s.xlarge,/Users/Rang/Documents/benchmarking-sd/g3s.xlarge/log/mlperf_log.json,22
1717759827064,0.8816079576810201,76,50,7680,6928,684,73,54.85,0.011020099471012752,0.008096099744704035,0.006421044625110096,0.005392502007815573,g3s.xlarge,/Users/Rang/Documents/benchmarking-sd/g3s.xlarge/log/mlperf_log.json,23
1717759882526,0.8813084483146667,23,17,7680,6928,684,72,54.01,0.011016355603933334,0.008093349250356357,0.0064188631985584894,0.005390670008858045,g3s.xlarge,/Users/Rang/Documents/benchmarking-sd/g3s.xlarge/log/mlperf_log.json,24
1717759938051,0.8823277433713277,47,35,7680,6928,684,72,54.24,0.011029096792141597,0.008102709776626693,0.00642628706422117,0.005396904696954621,g3s.xlarge,/Users/Rang/Documents/benchmarking-sd/g3s.xlarge/log/mlperf_log.json,25
1717759993467,0.8805752317110698,65,49,7680,6928,684,73,54.24,0.011007190396388372,0.008086615877879991,0.006413522937628958,0.0053861851672993765,g3s.xlarge,/Users/Rang/Documents/benchmarking-sd/g3s.xlarge/log/mlperf_log.json,26
1717760048919,0.8810446699460347,62,47,7680,6928,684,72,54.24,0.011013058374325434,0.008090926885671087,0.006416942012773619,0.005389056564503246,g3s.xlarge,/Users/Rang/Documents/benchmarking-sd/g3s.xlarge/log/mlperf_log.json,27
1717760104369,0.8810545365015666,64,48,7680,6928,684,72,54.0,0.011013181706269581,0.008091017493539387,0.00641701387418641,0.005389116914934582,g3s.xlarge,/Users/Rang/Documents/benchmarking-sd/g3s.xlarge/log/mlperf_log.json,28
1717760159907,0.8824981689453125,21,15,7680,6928,684,72,54.13,0.011031227111816406,0.00810427485148112,0.006427528330485026,0.005397947133382161,g3s.xlarge,/Users/Rang/Documents/benchmarking-sd/g3s.xlarge/log/mlperf_log.json,29
1717760215443,0.8824308077494304,74,54,7680,6928,684,73,54.0,0.01103038509686788,0.008103656251165603,0.006427037716441685,0.005397535107400682,g3s.xlarge,/Users/Rang/Documents/benchmarking-sd/g3s.xlarge/log/mlperf_log.json,30
1717779227005,0.13867358366648355,0,0,81559,8117,72890,33,143.34,0.22723977910147772,0.0,0.09974559750490718,0.07825812571578555,p5.48xlarge,/Users/Rang/Documents/benchmarking-sd/p5.48xlarge/log/mlperf_log.json,1
1717779235146,0.07781481742858887,73,14,81559,8117,72890,35,240.31,0.12751254749298094,0.0,0.05597090126276016,0.04391349530220032,p5.48xlarge,/Users/Rang/Documents/benchmarking-sd/p5.48xlarge/log/mlperf_log.json,2
1717779240814,0.06554455359776815,48,14,81559,8117,72890,37,239.16,0.1074056751622094,0.0,0.047145104993648,0.036988976413673824,p5.48xlarge,/Users/Rang/Documents/benchmarking-sd/p5.48xlarge/log/mlperf_log.json,3
1717779246470,0.06538541316986084,70,18,81559,8117,72890,38,248.73,0.10714489704767861,0.0,0.04703063793619473,0.0368991681655248,p5.48xlarge,/Users/Rang/Documents/benchmarking-sd/p5.48xlarge/log/mlperf_log.json,4
1717779252093,0.06517579952875772,71,20,81559,8117,72890,40,240.2,0.10680141016112432,0.0,0.04687986633770995,0.036780876200728944,p5.48xlarge,/Users/Rang/Documents/benchmarking-sd/p5.48xlarge/log/mlperf_log.json,5
1717779257770,0.06597175995508829,74,16,81559,8117,72890,41,247.95,0.10810572397973801,0.0,0.04745238740636242,0.037230063201321495,p5.48xlarge,/Users/Rang/Documents/benchmarking-sd/p5.48xlarge/log/mlperf_log.json,6
1717779263376,0.06524108250935873,70,14,81559,8117,72890,42,248.38,0.10690838720533583,0.0,0.04692682329760658,0.036817717562781446,p5.48xlarge,/Users/Rang/Documents/benchmarking-sd/p5.48xlarge/log/mlperf_log.json,7
1717779269015,0.06547673940658569,47,14,81559,8117,72890,43,245.07,0.10729455030759175,0.0,0.04709632737616697,0.036950706605116526,p5.48xlarge,/Users/Rang/Documents/benchmarking-sd/p5.48xlarge/log/mlperf_log.json,8
1717779274692,0.06562161842981974,68,18,81559,8117,72890,44,235.36,0.10753195873366461,0.0,0.04720053644292884,0.03703246666722827,p5.48xlarge,/Users/Rang/Documents/benchmarking-sd/p5.48xlarge/log/mlperf_log.json,9
1717779280262,0.06493339141209921,69,18,81559,8117,72890,45,252.41,0.10640418406062656,0.0,0.046705506219532754,0.036644077220227986,p5.48xlarge,/Users/Rang/Documents/benchmarking-sd/p5.48xlarge/log/mlperf_log.json,10
1717779285948,0.06553074518839518,75,18,81559,8117,72890,45,250.78,0.10738304778205023,0.0,0.04713517283492618,0.036981183867984345,p5.48xlarge,/Users/Rang/Documents/benchmarking-sd/p5.48xlarge/log/mlperf_log.json,11
1717779291572,0.06518458922704061,70,13,81559,8117,72890,47,254.67,0.10681581354671053,0.0,0.04688618862118985,0.036785836520459914,p5.48xlarge,/Users/Rang/Documents/benchmarking-sd/p5.48xlarge/log/mlperf_log.json,12
1717779297126,0.06489274104436239,72,14,81559,8117,72890,47,249.1,0.10633757165802848,0.0,0.046676267087525786,0.03662113686270184,p5.48xlarge,/Users/Rang/Documents/benchmarking-sd/p5.48xlarge/log/mlperf_log.json,13
1717779302705,0.06505206028620401,75,17,81559,8117,72890,48,248.79,0.10659864278899299,0.0,0.04679086276286178,0.03671104602151447,p5.48xlarge,/Users/Rang/Documents/benchmarking-sd/p5.48xlarge/log/mlperf_log.json,14
1717779308318,0.06528342564900716,72,19,81559,8117,72890,48,252.57,0.10697777349683972,0.0,0.046957280012236695,0.036841613207923035,p5.48xlarge,/Users/Rang/Documents/benchmarking-sd/p5.48xlarge/log/mlperf_log.json,15
1717779313968,0.06585534811019897,73,15,81559,8117,72890,49,248.37,0.10791496376991272,0.0,0.04736865430653095,0.037164368116855626,p5.48xlarge,/Users/Rang/Documents/benchmarking-sd/p5.48xlarge/log/mlperf_log.json,16
1717779319650,0.0660144289334615,45,14,81559,8117,72890,49,254.96,0.10817564421229892,0.0,0.047483078491356634,0.03725414272811678,p5.48xlarge,/Users/Rang/Documents/benchmarking-sd/p5.48xlarge/log/mlperf_log.json,17
1717779325305,0.06514015595118204,74,19,81559,8117,72890,50,248.26,0.10674300221867031,0.0,0.04685422850641939,0.036760761341783736,p5.48xlarge,/Users/Rang/Documents/benchmarking-sd/p5.48xlarge/log/mlperf_log.json,18
1717779330939,0.06535673936208089,72,14,81559,8117,72890,50,249.97,0.10709791023466321,0.0,0.04701001334415541,0.03688298658000098,p5.48xlarge,/Users/Rang/Documents/benchmarking-sd/p5.48xlarge/log/mlperf_log.json,19
1717779336565,0.06502188046773275,70,14,81559,8117,72890,51,262.74,0.10654918812645806,0.0,0.04676915492243237,0.03669401454395718,p5.48xlarge,/Users/Rang/Documents/benchmarking-sd/p5.48xlarge/log/mlperf_log.json,20
1717779342201,0.065680992603302,35,11,81559,8117,72890,51,243.64,0.10762925321261088,0.0,0.04724324329634507,0.03706597349246343,p5.48xlarge,/Users/Rang/Documents/benchmarking-sd/p5.48xlarge/log/mlperf_log.json,21
1717779347818,0.06547506252924601,47,14,81559,8117,72890,51,254.74,0.10729180246459112,0.0,0.0470951212262445,0.03694976028733783,p5.48xlarge,/Users/Rang/Documents/benchmarking-sd/p5.48xlarge/log/mlperf_log.json,22
1717779353460,0.06529419819513957,57,15,81559,8117,72890,52,255.06,0.10699542610910202,0.0,0.0469650285251273,0.03684769251479043,p5.48xlarge,/Users/Rang/Documents/benchmarking-sd/p5.48xlarge/log/mlperf_log.json,23
1717779359054,0.06519275108973185,63,16,81559,8117,72890,52,258.07,0.10682918811904059,0.0,0.046892059312992625,0.03679044253163868,p5.48xlarge,/Users/Rang/Documents/benchmarking-sd/p5.48xlarge/log/mlperf_log.json,24
1717779366313,0.07973153193791707,71,19,81559,8117,72890,52,243.63,0.13065340366893344,0.0,0.05734956206407811,0.04499516119029787,p5.48xlarge,/Users/Rang/Documents/benchmarking-sd/p5.48xlarge/log/mlperf_log.json,25
1717779372013,0.06545105775197348,50,14,81559,8117,72890,52,258.24,0.10725246663623386,0.0,0.04707785499003198,0.0369362135913637,p5.48xlarge,/Users/Rang/Documents/benchmarking-sd/p5.48xlarge/log/mlperf_log.json,26
1717779377716,0.06544291575749715,75,19,81559,8117,72890,53,258.14,0.10723912462128532,0.0,0.047071998589105074,0.03693161879248089,p5.48xlarge,/Users/Rang/Documents/benchmarking-sd/p5.48xlarge/log/mlperf_log.json,27
1717779383357,0.06547162135442099,71,14,81559,8117,72890,53,254.1,0.10728616352611119,0.0,0.04709264604654577,0.036947818317678245,p5.48xlarge,/Users/Rang/Documents/benchmarking-sd/p5.48xlarge/log/mlperf_log.json,28
1717779389021,0.06575644413630168,43,13,81559,8117,72890,53,251.72,0.10775289312468635,0.0,0.04729751432650619,0.037108553307586244,p5.48xlarge,/Users/Rang/Documents/benchmarking-sd/p5.48xlarge/log/mlperf_log.json,29
1717779394673,0.06534363826115926,71,18,81559,8117,72890,54,259.8,0.10707644189728631,0.0,0.04700058994061417,0.03687559319204754,p5.48xlarge,/Users/Rang/Documents/benchmarking-sd/p5.48xlarge/log/mlperf_log.json,30
1717754863354,0.2896843314170837,22,11,23028,7146,15576,38,213.92,0.004857040623426437,0.0030600321542024614,0.002098280173897743,0.0019882001279592516,g5.xlarge,/Users/Rang/Documents/benchmarking-sd/g5.xlarge/log/mlperf_log.json,1
1717754878288,0.21888516346613565,92,35,23028,7144,15578,44,229.04,0.0036699745741155415,0.0023121569434139465,0.0015854582007063759,0.0015022818385892443,g5.xlarge,/Users/Rang/Documents/benchmarking-sd/g5.xlarge/log/mlperf_log.json,2
1717754893061,0.21929465134938558,85,35,23028,7144,15578,46,225.82,0.0036768403209580316,0.002316482500420676,0.001588424257940716,0.0015050922904279497,g5.xlarge,/Users/Rang/Documents/benchmarking-sd/g5.xlarge/log/mlperf_log.json,3
1717754907833,0.2189665953318278,87,35,23028,7144,15578,47,224.03,0.003671339915063646,0.0023130171353552076,0.0015860480388535392,0.0015028407326274447,g5.xlarge,/Users/Rang/Documents/benchmarking-sd/g5.xlarge/log/mlperf_log.json,4
1717754922574,0.21896402835845946,60,27,23028,7144,15578,48,232.67,0.003671296875476837,0.0023129900195598603,0.0015860294454097747,0.0015028231146335602,g5.xlarge,/Users/Rang/Documents/benchmarking-sd/g5.xlarge/log/mlperf_log.json,5
1717754937295,0.21866113742192586,96,29,23028,7144,15578,49,240.49,0.0036662184041076234,0.00230979048163361,0.0015838355053928162,0.0015007442731724845,g5.xlarge,/Users/Rang/Documents/benchmarking-sd/g5.xlarge/log/mlperf_log.json,6
1717754952070,0.21936413049697875,89,35,23028,7144,15578,49,234.85,0.0036780052546660108,0.002317216431816419,0.0015889275185664495,0.0015055691489775976,g5.xlarge,/Users/Rang/Documents/benchmarking-sd/g5.xlarge/log/mlperf_log.json,7
1717754966959,0.219638192653656,37,18,23028,7144,15578,50,233.23,0.0036826003634929656,0.002320111441731453,0.001590912642121315,0.0015074501289129257,g5.xlarge,/Users/Rang/Documents/benchmarking-sd/g5.xlarge/log/mlperf_log.json,8
1717754981703,0.21898350715637208,97,29,23028,7144,15578,52,225.02,0.0036716234699885053,0.0023131957805951437,0.0015861705368359885,0.0015029568041165671,g5.xlarge,/Users/Rang/Documents/benchmarking-sd/g5.xlarge/log/mlperf_log.json,9
1717754996471,0.21869630813598634,97,31,23028,7144,15578,53,230.87,0.003666808099746704,0.0023101620016098023,0.0015840902585983275,0.0015009856615066529,g5.xlarge,/Users/Rang/Documents/benchmarking-sd/g5.xlarge/log/mlperf_log.json,10
1717755011285,0.2199355443318685,91,34,23028,7144,15578,53,231.25,0.0036875859599643282,0.0023232524666256375,0.0015930664594438339,0.001509490952597724,g5.xlarge,/Users/Rang/Documents/benchmarking-sd/g5.xlarge/log/mlperf_log.json,11
1717755026041,0.21892842451731365,97,33,23028,7144,15578,54,232.55,0.003670699917740292,0.00231261392431789,0.0015857715549204084,0.0015025787536038292,g5.xlarge,/Users/Rang/Documents/benchmarking-sd/g5.xlarge/log/mlperf_log.json,12
1717755041089,0.21952675978342692,31,15,23028,7144,15578,54,230.47,0.003680732005702125,0.002318934339178933,0.0015901054966979556,0.0015066853279802534,g5.xlarge,/Users/Rang/Documents/benchmarking-sd/g5.xlarge/log/mlperf_log.json,13
1717755055888,0.21955403089523315,34,18,23028,7144,15578,54,242.82,0.0036811892513434093,0.002319222413023313,0.0015903030304511387,0.0015068724987109502,g5.xlarge,/Users/Rang/Documents/benchmarking-sd/g5.xlarge/log/mlperf_log.json,14
1717755070683,0.21991254885991415,17,8,23028,7144,15578,54,220.11,0.0036872004025512274,0.0023230095577902268,0.0015928998955753114,0.0015093331270085442,g5.xlarge,/Users/Rang/Documents/benchmarking-sd/g5.xlarge/log/mlperf_log.json,15
1717755085476,0.21983053286870322,9,4,23028,7144,15578,54,229.38,0.0036858252677652572,0.0023221431955364018,0.0015923058264123069,0.0015087702239221998,g5.xlarge,/Users/Rang/Documents/benchmarking-sd/g5.xlarge/log/mlperf_log.json,16
1717755100289,0.21978867848714193,28,14,23028,7144,15578,54,220.69,0.0036851235093010794,0.002321701073752509,0.0015920026611751978,0.001508482963350084,g5.xlarge,/Users/Rang/Documents/benchmarking-sd/g5.xlarge/log/mlperf_log.json,17
1717755115060,0.21935829321543376,97,29,23028,7144,15578,55,239.29,0.0036779073829121063,0.002317154770665699,0.0015888852371904586,0.0015055290857685936,g5.xlarge,/Users/Rang/Documents/benchmarking-sd/g5.xlarge/log/mlperf_log.json,18
1717755129822,0.21921424070994058,97,33,23028,7144,15578,55,231.03,0.0036754921025700035,0.0023156330960326724,0.0015878418168756695,0.0015045404054058922,g5.xlarge,/Users/Rang/Documents/benchmarking-sd/g5.xlarge/log/mlperf_log.json,19
1717755144796,0.21957881450653077,92,35,23028,7144,15578,55,229.96,0.0036816047898928323,0.0023194842105706535,0.001590482546408971,0.0015070425968964896,g5.xlarge,/Users/Rang/Documents/benchmarking-sd/g5.xlarge/log/mlperf_log.json,20
1717755159630,0.22018396854400635,91,34,23028,7144,15578,54,232.66,0.0036917512059211734,0.0023258766543865204,0.0015948658788204192,0.001511195970773697,g5.xlarge,/Users/Rang/Documents/benchmarking-sd/g5.xlarge/log/mlperf_log.json,21
1717755174380,0.21929184595743814,90,35,23028,7144,15578,55,239.87,0.00367679328388638,0.0023164528661304053,0.0015884039375517103,0.0015050730360878838,g5.xlarge,/Users/Rang/Documents/benchmarking-sd/g5.xlarge/log/mlperf_log.json,22
1717755189165,0.21940737962722778,85,35,23028,7144,15578,55,238.12,0.0036787303984165192,0.0023176732867956165,0.0015892407864332198,0.0015058659821748734,g5.xlarge,/Users/Rang/Documents/benchmarking-sd/g5.xlarge/log/mlperf_log.json,23
1717755203915,0.21931894620259604,75,32,23028,7144,15578,55,230.67,0.0036772476646635267,0.002316739135053423,0.001588600233660804,0.0015052590341038173,g5.xlarge,/Users/Rang/Documents/benchmarking-sd/g5.xlarge/log/mlperf_log.json,24
1717755218692,0.2197003205617269,49,24,23028,7144,15578,55,234.98,0.0036836420414182876,0.0023207677195337083,0.001591362655268775,0.0015078765334553188,g5.xlarge,/Users/Rang/Documents/benchmarking-sd/g5.xlarge/log/mlperf_log.json,25
1717755233465,0.2186030904452006,62,27,23028,7144,15578,56,238.06,0.0036652451497978635,0.002309177312069469,0.0015834150517914029,0.0015003458774222268,g5.xlarge,/Users/Rang/Documents/benchmarking-sd/g5.xlarge/log/mlperf_log.json,26
1717755248224,0.21903037230173747,38,19,23028,7144,15578,55,237.49,0.0036724092422591313,0.0023136908327473535,0.001586509996705585,0.0015032784552309248,g5.xlarge,/Users/Rang/Documents/benchmarking-sd/g5.xlarge/log/mlperf_log.json,27
1717755262968,0.21912430922190348,93,35,23028,7144,15578,51,228.67,0.0036739842512872488,0.002314683119747374,0.0015871904131306543,0.001503923175626331,g5.xlarge,/Users/Rang/Documents/benchmarking-sd/g5.xlarge/log/mlperf_log.json,28
1717755277718,0.21934786637624104,65,29,23028,7144,15578,49,217.69,0.0036777325595749753,0.002317044628487693,0.0015888097121185727,0.0015054575228956011,g5.xlarge,/Users/Rang/Documents/benchmarking-sd/g5.xlarge/log/mlperf_log.json,29
1717755292411,0.2183550516764323,37,19,23028,7144,15578,49,230.9,0.0036610863664415147,0.0023065571958753796,0.0015816184243096245,0.0014986435046725802,g5.xlarge,/Users/Rang/Documents/benchmarking-sd/g5.xlarge/log/mlperf_log.json,30
1717784306269,0.31050166686375935,12,2,16384,7216,8934,40,51.24,0.015835585010051726,0.010805458006858826,0.005858131448162926,0.008067868310676681,p3.2xlarge,/Users/Rang/Documents/benchmarking-sd/p3.2xlarge/log/mlperf_log.json,1
1717784323106,0.2347676157951355,69,20,16384,7220,8930,43,52.2,0.011973148405551913,0.008169913029670716,0.00442928235133489,0.006100045217076938,p3.2xlarge,/Users/Rang/Documents/benchmarking-sd/p3.2xlarge/log/mlperf_log.json,2
1717784339526,0.23320977687835692,61,19,16384,7220,8930,45,53.17,0.011893698620796204,0.008115700235366822,0.004399891123771667,0.00605956736922264,p3.2xlarge,/Users/Rang/Documents/benchmarking-sd/p3.2xlarge/log/mlperf_log.json,3
1717784355925,0.2329009493192037,81,22,16384,7220,8930,46,53.65,0.01187794841527939,0.00810495303630829,0.004394064577155643,0.006051542999810643,p3.2xlarge,/Users/Rang/Documents/benchmarking-sd/p3.2xlarge/log/mlperf_log.json,4
1717784372565,0.2329599698384603,31,10,16384,7220,8930,47,54.13,0.011880958461761475,0.008107006950378418,0.00439517809761895,0.006053076549635992,p3.2xlarge,/Users/Rang/Documents/benchmarking-sd/p3.2xlarge/log/mlperf_log.json,5
1717784388953,0.2332572380701701,16,4,16384,7220,8930,47,53.65,0.011896119141578674,0.00811735188484192,0.004400786558257209,0.006060800569189919,p3.2xlarge,/Users/Rang/Documents/benchmarking-sd/p3.2xlarge/log/mlperf_log.json,6
1717784405366,0.23346024354298908,11,2,16384,7220,8930,48,54.61,0.011906472420692444,0.008124416475296022,0.004404616594844394,0.006066075328058667,p3.2xlarge,/Users/Rang/Documents/benchmarking-sd/p3.2xlarge/log/mlperf_log.json,7
1717784421733,0.23276138703028362,81,22,16384,7220,8930,48,54.13,0.011870830738544464,0.00810009626865387,0.00439143150197135,0.006047916706336869,p3.2xlarge,/Users/Rang/Documents/benchmarking-sd/p3.2xlarge/log/mlperf_log.json,8
1717784438109,0.23300681511561075,72,20,16384,7220,8930,48,55.58,0.011883347570896149,0.008108637166023254,0.004396061911847856,0.006054293746087285,p3.2xlarge,/Users/Rang/Documents/benchmarking-sd/p3.2xlarge/log/mlperf_log.json,9
1717784454481,0.23297888040542603,67,19,16384,7220,8930,48,54.13,0.011881922900676727,0.008107665038108827,0.004395534876982371,0.006053567909200986,p3.2xlarge,/Users/Rang/Documents/benchmarking-sd/p3.2xlarge/log/mlperf_log.json,10
1717784470883,0.2338556170463562,21,6,16384,7220,8930,48,54.61,0.011926636469364166,0.008138175473213195,0.004412075974941253,0.0060763484495878215,p3.2xlarge,/Users/Rang/Documents/benchmarking-sd/p3.2xlarge/log/mlperf_log.json,11
1717784487291,0.23318297863006593,64,19,16384,7220,8930,49,56.06,0.011892331910133362,0.008114767656326294,0.00439938553015391,0.006058871061404546,p3.2xlarge,/Users/Rang/Documents/benchmarking-sd/p3.2xlarge/log/mlperf_log.json,12
1717784503667,0.2330493132273356,51,16,16384,7220,8930,49,54.61,0.011885514974594117,0.00811011610031128,0.004396863709555732,0.00605539798869027,p3.2xlarge,/Users/Rang/Documents/benchmarking-sd/p3.2xlarge/log/mlperf_log.json,13
1717784520059,0.23306644360224407,47,16,16384,7220,8930,49,54.61,0.011886388623714448,0.008110712237358094,0.0043971869026290045,0.0060558430929316415,p3.2xlarge,/Users/Rang/Documents/benchmarking-sd/p3.2xlarge/log/mlperf_log.json,14
1717784536516,0.23406376043955485,26,9,16384,7220,8930,48,55.1,0.011937251782417297,0.008145418863296509,0.004416002946959601,0.006081756708754433,p3.2xlarge,/Users/Rang/Documents/benchmarking-sd/p3.2xlarge/log/mlperf_log.json,15
1717784552958,0.23402066628138224,53,18,16384,7220,8930,48,55.06,0.011935053980350495,0.008143919186592102,0.004415189903842078,0.006080636978877916,p3.2xlarge,/Users/Rang/Documents/benchmarking-sd/p3.2xlarge/log/mlperf_log.json,16
1717784569372,0.23359674215316772,69,20,16384,7220,8930,48,55.1,0.011913433849811554,0.008129166626930237,0.0044071918686230975,0.006069622016946474,p3.2xlarge,/Users/Rang/Documents/benchmarking-sd/p3.2xlarge/log/mlperf_log.json,17
1717784585727,0.23282016515731813,71,20,16384,7220,8930,49,54.61,0.011873828423023224,0.008102141747474671,0.004392540449301401,0.0060494439580043155,p3.2xlarge,/Users/Rang/Documents/benchmarking-sd/p3.2xlarge/log/mlperf_log.json,18
1717784602103,0.23330737749735514,21,6,16384,7220,8930,49,56.02,0.011898676252365112,0.00811909673690796,0.004401732522116767,0.006062103358639611,p3.2xlarge,/Users/Rang/Documents/benchmarking-sd/p3.2xlarge/log/mlperf_log.json,19
1717784618494,0.23315438032150268,26,8,16384,7220,8930,49,55.58,0.011890873396396637,0.008113772435188293,0.004398845975399017,0.006058127982020378,p3.2xlarge,/Users/Rang/Documents/benchmarking-sd/p3.2xlarge/log/mlperf_log.json,20
1717784634917,0.23383891979853313,11,2,16384,7220,8930,49,54.61,0.01192578490972519,0.008137594408988954,0.004411760953532325,0.006075914599431886,p3.2xlarge,/Users/Rang/Documents/benchmarking-sd/p3.2xlarge/log/mlperf_log.json,21
1717784651316,0.23361335198084512,37,12,16384,7220,8930,49,56.06,0.011914280951023103,0.008129744648933412,0.004407505240705278,0.0060700535956356265,p3.2xlarge,/Users/Rang/Documents/benchmarking-sd/p3.2xlarge/log/mlperf_log.json,22
1717784667718,0.2333628535270691,12,3,16384,7220,8930,49,55.1,0.011901505529880523,0.008121027302742004,0.00440277916987737,0.006063544810811678,p3.2xlarge,/Users/Rang/Documents/benchmarking-sd/p3.2xlarge/log/mlperf_log.json,23
1717784684159,0.23391759395599365,41,14,16384,7220,8930,49,55.1,0.011929797291755676,0.00814033226966858,0.004413245272636413,0.006077958816289902,p3.2xlarge,/Users/Rang/Documents/benchmarking-sd/p3.2xlarge/log/mlperf_log.json,24
1717784700576,0.23376042445500692,29,9,16384,7220,8930,49,55.1,0.011921781647205353,0.008134862771034241,0.00441028000805113,0.006073875028755929,p3.2xlarge,/Users/Rang/Documents/benchmarking-sd/p3.2xlarge/log/mlperf_log.json,25
1717784716990,0.23338587284088136,64,19,16384,7220,8930,49,54.58,0.011902679514884948,0.008121828374862671,0.004403213467597961,0.006064142929315567,p3.2xlarge,/Users/Rang/Documents/benchmarking-sd/p3.2xlarge/log/mlperf_log.json,26
1717784733415,0.23406886259714763,40,14,16384,7220,8930,49,55.1,0.011937511992454528,0.008145596418380738,0.004416099207666184,0.006081889279815886,p3.2xlarge,/Users/Rang/Documents/benchmarking-sd/p3.2xlarge/log/mlperf_log.json,27
1717784749843,0.23367641766866049,60,18,16384,7220,8930,49,54.61,0.011917497301101684,0.008131939334869385,0.004408695080015394,0.006071692252424028,p3.2xlarge,/Users/Rang/Documents/benchmarking-sd/p3.2xlarge/log/mlperf_log.json,28
1717784766283,0.23399165471394856,0,0,16384,7220,8930,49,54.61,0.011933574390411377,0.008142909584045411,0.0044146425522698296,0.006079883161650763,p3.2xlarge,/Users/Rang/Documents/benchmarking-sd/p3.2xlarge/log/mlperf_log.json,29
1717784782680,0.23342621723810833,8,2,16384,7220,8930,49,54.61,0.011904737079143525,0.00812323235988617,0.00440397463189231,0.006065191211236848,p3.2xlarge,/Users/Rang/Documents/benchmarking-sd/p3.2xlarge/log/mlperf_log.json,30
1717782483006,0.11528996626536052,10,1,40960,7665,32673,43,77.44,0.06297330107357768,0.03876625115672747,0.024016821472512353,0.011907532015773986,p4d.24xlarge,/Users/Rang/Documents/benchmarking-sd/p4d.24xlarge/log/mlperf_log.json,1
1717782491591,0.09493642250696818,50,14,40960,7663,32675,47,83.02,0.05185585624701447,0.03192237206796805,0.01977683908190992,0.009805350171261364,p4d.24xlarge,/Users/Rang/Documents/benchmarking-sd/p4d.24xlarge/log/mlperf_log.json,2
1717782499670,0.09516294797261556,57,16,40960,7663,32675,48,90.32,0.0519795882317755,0.03199854125579198,0.0198240281118287,0.00982874647643831,p4d.24xlarge,/Users/Rang/Documents/benchmarking-sd/p4d.24xlarge/log/mlperf_log.json,3
1717782507535,0.09496229489644369,66,19,40960,7663,32675,49,82.47,0.051869988177352486,0.03193107165892919,0.01978222873184416,0.009808022357887691,p4d.24xlarge,/Users/Rang/Documents/benchmarking-sd/p4d.24xlarge/log/mlperf_log.json,4
1717782515419,0.0953405737876892,72,20,40960,7663,32675,50,84.75,0.05207661041239898,0.032058267936110496,0.01986103052953879,0.009847092262705167,p4d.24xlarge,/Users/Rang/Documents/benchmarking-sd/p4d.24xlarge/log/mlperf_log.json,5
1717782523377,0.09561105966567993,29,10,40960,7663,32675,50,84.16,0.05222435430705548,0.03214921881258488,0.019917377246022227,0.009875028945803643,p4d.24xlarge,/Users/Rang/Documents/benchmarking-sd/p4d.24xlarge/log/mlperf_log.json,6
1717782531339,0.09570126533508301,72,18,40960,7663,32675,51,88.16,0.05227362614711126,0.03217955046892166,0.01993616859038671,0.009884345688025157,p4d.24xlarge,/Users/Rang/Documents/benchmarking-sd/p4d.24xlarge/log/mlperf_log.json,7
1717782539324,0.09636459350585938,48,14,40960,7663,32675,50,84.75,0.05263594704945882,0.032402594566345214,0.02007435090382894,0.009952856432596842,p4d.24xlarge,/Users/Rang/Documents/benchmarking-sd/p4d.24xlarge/log/mlperf_log.json,8
1717782547282,0.09575727780659994,30,11,40960,7663,32675,51,85.01,0.052304221092595006,0.03219838466246923,0.01994783692174488,0.009890130842791663,p4d.24xlarge,/Users/Rang/Documents/benchmarking-sd/p4d.24xlarge/log/mlperf_log.json,9
1717782555208,0.09534544944763183,60,17,40960,7663,32675,52,98.66,0.05207927357912064,0.03205990737676621,0.01986204621076584,0.009847595837116242,p4d.24xlarge,/Users/Rang/Documents/benchmarking-sd/p4d.24xlarge/log/mlperf_log.json,10
1717782563157,0.09575653473536173,66,14,40960,7663,32675,52,107.24,0.05230381521470017,0.03219813480476538,0.01994768212762144,0.009890054095917278,p4d.24xlarge,/Users/Rang/Documents/benchmarking-sd/p4d.24xlarge/log/mlperf_log.json,11
1717782571087,0.09541893402735392,57,16,40960,7663,32675,52,91.3,0.05211941208130784,0.03208461656669776,0.019877354273464945,0.009855185569458538,p4d.24xlarge,/Users/Rang/Documents/benchmarking-sd/p4d.24xlarge/log/mlperf_log.json,12
1717782579003,0.09526723225911458,70,16,40960,7663,32675,53,89.54,0.05203655004713271,0.03203360684712728,0.019845752266777886,0.009839517305162217,p4d.24xlarge,/Users/Rang/Documents/benchmarking-sd/p4d.24xlarge/log/mlperf_log.json,13
1717782586908,0.09516711235046386,39,12,40960,7663,32675,52,86.83,0.05198186288436254,0.031999941527843474,0.019824895621140797,0.009829176587263743,p4d.24xlarge,/Users/Rang/Documents/benchmarking-sd/p4d.24xlarge/log/mlperf_log.json,14
1717782594870,0.09573201735814413,57,16,40960,7663,32675,52,85.63,0.05229042341464096,0.03218989083667596,0.01994257474932406,0.009887521859473652,p4d.24xlarge,/Users/Rang/Documents/benchmarking-sd/p4d.24xlarge/log/mlperf_log.json,15
1717782602908,0.09620515902837118,51,14,40960,7663,32675,52,86.22,0.05254886128061348,0.03234898472328981,0.020041138044926854,0.009936389508313603,p4d.24xlarge,/Users/Rang/Documents/benchmarking-sd/p4d.24xlarge/log/mlperf_log.json,16
1717782610872,0.09591652154922485,36,12,40960,7663,32675,52,86.5,0.05239120267887911,0.03225193037092686,0.019981010047396025,0.009906578067342442,p4d.24xlarge,/Users/Rang/Documents/benchmarking-sd/p4d.24xlarge/log/mlperf_log.json,17
1717782618858,0.09585373401641846,73,19,40960,7663,32675,52,87.7,0.05235690708200137,0.03223081806302071,0.01996793035785357,0.00990009316166242,p4d.24xlarge,/Users/Rang/Documents/benchmarking-sd/p4d.24xlarge/log/mlperf_log.json,18
1717782626791,0.0953894853591919,54,15,40960,7663,32675,53,88.25,0.052103326727946604,0.03207471445202827,0.019871219625075657,0.009852144012848537,p4d.24xlarge,/Users/Rang/Documents/benchmarking-sd/p4d.24xlarge/log/mlperf_log.json,19
1717782634747,0.09530630111694335,68,15,40960,7663,32675,53,92.94,0.052057890108426416,0.032046743750572204,0.019853890961011252,0.0098435524670283,p4d.24xlarge,/Users/Rang/Documents/benchmarking-sd/p4d.24xlarge/log/mlperf_log.json,20
1717782642733,0.09610989093780517,53,15,40960,7663,32675,52,86.22,0.052496824261744825,0.03231695082783699,0.02002129211386045,0.009926549902359645,p4d.24xlarge,/Users/Rang/Documents/benchmarking-sd/p4d.24xlarge/log/mlperf_log.json,21
1717782650671,0.09551661411921183,36,12,40960,7663,32675,53,118.21,0.05217276657548216,0.03211746149758498,0.01989770266460048,0.009865274294945929,p4d.24xlarge,/Users/Rang/Documents/benchmarking-sd/p4d.24xlarge/log/mlperf_log.json,22
1717782658720,0.09601480960845947,20,6,40960,7663,32675,52,89.45,0.05244488925496738,0.0322849797308445,0.02000148508826892,0.009916729585727056,p4d.24xlarge,/Users/Rang/Documents/benchmarking-sd/p4d.24xlarge/log/mlperf_log.json,23
1717782666651,0.09560773372650147,56,15,40960,7663,32675,53,89.17,0.05222253762364388,0.03214810046553612,0.01991668439745903,0.009874685431718827,p4d.24xlarge,/Users/Rang/Documents/benchmarking-sd/p4d.24xlarge/log/mlperf_log.json,24
1717782674576,0.09533176422119141,69,15,40960,7663,32675,53,90.32,0.05207179848035177,0.032055305719375614,0.01985919535001119,0.009846182381312052,p4d.24xlarge,/Users/Rang/Documents/benchmarking-sd/p4d.24xlarge/log/mlperf_log.json,25
1717782682460,0.0947239875793457,47,14,40960,7663,32675,54,183.4,0.05173982074896495,0.031850940823554996,0.01973258534590403,0.00978340918382009,p4d.24xlarge,/Users/Rang/Documents/benchmarking-sd/p4d.24xlarge/log/mlperf_log.json,26
1717782690414,0.09630558490753174,53,14,40960,7663,32675,52,86.83,0.05260371556957563,0.03238275292515755,0.020062058429320653,0.009946761827866236,p4d.24xlarge,/Users/Rang/Documents/benchmarking-sd/p4d.24xlarge/log/mlperf_log.json,27
1717782698337,0.09564653635025025,32,11,40960,7663,32675,53,95.88,0.052243732263445856,0.032161147847771646,0.019924767630696297,0.009878693096041679,p4d.24xlarge,/Users/Rang/Documents/benchmarking-sd/p4d.24xlarge/log/mlperf_log.json,28
1717782706344,0.09621604283650716,67,19,40960,7663,32675,53,86.83,0.05255480619801416,0.032352644403775534,0.020043405323558385,0.009937513624297248,p4d.24xlarge,/Users/Rang/Documents/benchmarking-sd/p4d.24xlarge/log/mlperf_log.json,29
1717782714243,0.0949461023012797,43,13,40960,7663,32675,54,161.05,0.05186114351199733,0.0319256268988053,0.01977885554439492,0.009806349932683839,p4d.24xlarge,/Users/Rang/Documents/benchmarking-sd/p4d.24xlarge/log/mlperf_log.json,30
1717753645115,0.2885691006978353,49,25,23034,7074,15624,44,64.62,0.0038706735373602976,0.0025196891975932654,0.0017766237632963395,0.0005963761414421929,g6.xlarge,/Users/Rang/Documents/benchmarking-sd/g6.xlarge/log/mlperf_log.json,1
1717753663334,0.2813411990801493,80,41,23034,7068,15630,48,69.45,0.003773723283661736,0.0024565775699681705,0.001732123982336786,0.0005814384780989752,g6.xlarge,/Users/Rang/Documents/benchmarking-sd/g6.xlarge/log/mlperf_log.json,2
1717753681653,0.2827625393867493,98,38,23034,7068,15630,52,70.11,0.003792788194974264,0.0024689882397452992,0.0017408747008244199,0.0005843759147326152,g6.xlarge,/Users/Rang/Documents/benchmarking-sd/g6.xlarge/log/mlperf_log.json,3
1717753700054,0.28438152074813844,55,29,23034,7068,15630,56,63.54,0.00381450413163503,0.0024831246453324955,0.001750842229406039,0.0005877218095461528,g6.xlarge,/Users/Rang/Documents/benchmarking-sd/g6.xlarge/log/mlperf_log.json,4
1717753718683,0.28760772148768105,67,35,23034,7068,15630,59,67.17,0.003857778237554762,0.0025112947547899353,0.0017707048719591565,0.0005943892910745408,g6.xlarge,/Users/Rang/Documents/benchmarking-sd/g6.xlarge/log/mlperf_log.json,5
1717753737435,0.2902046958605448,98,42,23034,7068,15630,63,62.25,0.003892612320476108,0.0025339706693556577,0.0017866935775147546,0.0005997563714451261,g6.xlarge,/Users/Rang/Documents/benchmarking-sd/g6.xlarge/log/mlperf_log.json,6
1717753756407,0.29373202721277875,98,41,23034,7068,15630,67,68.24,0.003939925591680739,0.0025647701509462465,0.001808410180873341,0.000607046189573076,g6.xlarge,/Users/Rang/Documents/benchmarking-sd/g6.xlarge/log/mlperf_log.json,7
1717753775671,0.29871111710866294,51,25,23034,7068,15630,70,66.78,0.004006711784150865,0.0026082459042204753,0.0018390647776656683,0.0006173363086912368,g6.xlarge,/Users/Rang/Documents/benchmarking-sd/g6.xlarge/log/mlperf_log.json,8
1717753794964,0.2988473455111186,98,42,23034,7068,15630,71,67.12,0.00400853906112247,0.0026094354052212504,0.00183990349053012,0.000617617847389645,g6.xlarge,/Users/Rang/Documents/benchmarking-sd/g6.xlarge/log/mlperf_log.json,9
1717753814287,0.2982030510902405,88,41,23034,7068,15630,71,71.68,0.003999896925290425,0.00260380964110295,0.0018359367845455807,0.000616286305586497,g6.xlarge,/Users/Rang/Documents/benchmarking-sd/g6.xlarge/log/mlperf_log.json,10
1717753833635,0.3002519965171814,53,26,23034,7068,15630,74,67.74,0.004027380113283793,0.002621700349589189,0.001848551458557447,0.0006205207928021749,g6.xlarge,/Users/Rang/Documents/benchmarking-sd/g6.xlarge/log/mlperf_log.json,11
1717753853239,0.3045218269030253,73,35,23034,7068,15630,77,67.91,0.004084652771525913,0.002658983085241583,0.0018748393809662927,0.000629345108932919,g6.xlarge,/Users/Rang/Documents/benchmarking-sd/g6.xlarge/log/mlperf_log.json,12
1717753873033,0.3073357423146566,73,35,23034,7068,15630,80,66.85,0.004122396756913927,0.002683553256644143,0.0018921637201839024,0.0006351605341169569,g6.xlarge,/Users/Rang/Documents/benchmarking-sd/g6.xlarge/log/mlperf_log.json,13
1717753892687,0.3046745538711548,91,41,23034,7068,15630,69,66.52,0.004086701349258422,0.0026603166462182996,0.0018757796700000762,0.0006296607446670532,g6.xlarge,/Users/Rang/Documents/benchmarking-sd/g6.xlarge/log/mlperf_log.json,14
1717753911641,0.29372006257375083,58,31,23034,7068,15630,60,66.76,0.003939765105989244,0.0025646656797064676,0.001808336518579059,0.0006070214626524183,g6.xlarge,/Users/Rang/Documents/benchmarking-sd/g6.xlarge/log/mlperf_log.json,15
1717753930355,0.2899207234382629,98,43,23034,7068,15630,56,67.18,0.003888803303718567,0.002531491116821766,0.001784945253968239,0.0005991694951057435,g6.xlarge,/Users/Rang/Documents/benchmarking-sd/g6.xlarge/log/mlperf_log.json,16
1717753949031,0.28918819427490233,66,35,23034,7068,15630,55,68.65,0.0038789776458740236,0.002525094916343689,0.0017804353160858156,0.0005976556015014648,g6.xlarge,/Users/Rang/Documents/benchmarking-sd/g6.xlarge/log/mlperf_log.json,17
1717753967604,0.2875190258026123,75,37,23034,7068,15630,55,66.39,0.0038565885327657063,0.0025105202936331434,0.0017701588021914166,0.0005942059866587321,g6.xlarge,/Users/Rang/Documents/benchmarking-sd/g6.xlarge/log/mlperf_log.json,18
1717753986206,0.2878742973009745,66,35,23034,7068,15630,56,67.92,0.003861353907797071,0.002513622405933009,0.0017723460903829999,0.000594940214422014,g6.xlarge,/Users/Rang/Documents/benchmarking-sd/g6.xlarge/log/mlperf_log.json,19
1717754005216,0.2888231873512268,77,39,23034,7068,15630,58,65.67,0.003874081686337789,0.002521907797555129,0.0017781880901257198,0.000596901253859202,g6.xlarge,/Users/Rang/Documents/benchmarking-sd/g6.xlarge/log/mlperf_log.json,20
1717754023928,0.28978662490844725,98,42,23034,7068,15630,61,71.01,0.0038870045954386393,0.0025303202131589254,0.0017841196540196737,0.0005988923581441243,g6.xlarge,/Users/Rang/Documents/benchmarking-sd/g6.xlarge/log/mlperf_log.json,21
1717754042783,0.29208176930745444,68,35,23034,7068,15630,65,68.91,0.0039177901323106555,0.0025503606490029232,0.001798250093036228,0.0006036356565687392,g6.xlarge,/Users/Rang/Documents/benchmarking-sd/g6.xlarge/log/mlperf_log.json,22
1717754061746,0.2936728199323018,40,20,23034,7068,15630,69,67.3,0.003939131424691942,0.0025642531727088826,0.0018080456613832052,0.0006069238278600905,g6.xlarge,/Users/Rang/Documents/benchmarking-sd/g6.xlarge/log/mlperf_log.json,23
1717754080966,0.2978691856066386,72,35,23034,7068,15630,71,71.5,0.003995418676270379,0.002600894438988633,0.0018338812860515385,0.0006155963169203865,g6.xlarge,/Users/Rang/Documents/benchmarking-sd/g6.xlarge/log/mlperf_log.json,24
1717754100233,0.298918342590332,89,41,23034,7068,15630,71,67.2,0.004009491368611653,0.0026100553280512494,0.0018403405958811441,0.0006177645746866862,g6.xlarge,/Users/Rang/Documents/benchmarking-sd/g6.xlarge/log/mlperf_log.json,25
1717754119479,0.2982970635096232,98,42,23034,7068,15630,69,69.27,0.004001157945209079,0.0026046305262115267,0.0018365155876742469,0.000616480597919888,g6.xlarge,/Users/Rang/Documents/benchmarking-sd/g6.xlarge/log/mlperf_log.json,26
1717754138997,0.2979756752649943,79,39,23034,7068,15630,68,67.14,0.003996847057554456,0.002601824271188842,0.0018345369073814815,0.0006158163955476549,g6.xlarge,/Users/Rang/Documents/benchmarking-sd/g6.xlarge/log/mlperf_log.json,27
1717754158215,0.2977025349934896,91,42,23034,7068,15630,69,68.39,0.003993183336046007,0.00259943930138482,0.0018328552737765843,0.0006152519056532117,g6.xlarge,/Users/Rang/Documents/benchmarking-sd/g6.xlarge/log/mlperf_log.json,28
1717754177543,0.2990702033042908,60,31,23034,7068,15630,73,68.17,0.00401152832698822,0.002611381325185299,0.0018412755516767501,0.0006180784201622009,g6.xlarge,/Users/Rang/Documents/benchmarking-sd/g6.xlarge/log/mlperf_log.json,29
1717754197092,0.30342788298924767,54,24,23034,7068,15630,76,63.37,0.004069979337162442,0.0026494311316344475,0.0018681043329371349,0.0006270842915111118,g6.xlarge,/Users/Rang/Documents/benchmarking-sd/g6.xlarge/log/mlperf_log.json,30
1717747329820,0.5014594157536825,28,10,15360,4499,10602,35,31.99,0.0043961275447739505,0.002766384443574482,0.0018971881229347654,0.0015411519377496509,g4dn.xlarge,/Users/Rang/Documents/benchmarking-sd/g4dn.xlarge/log/mlperf_log.json,1
1717747362172,0.4889190832773844,33,14,15360,3959,11142,38,32.19,0.004286190630065071,0.0026972036094135713,0.0018497438650661047,0.0015026113159391618,g4dn.xlarge,/Users/Rang/Documents/benchmarking-sd/g4dn.xlarge/log/mlperf_log.json,2
1717747394663,0.49137673775355023,65,19,15360,3959,11142,39,32.78,0.004307736067639457,0.002710761669940419,0.0018590419911675984,0.0015101645073625778,g4dn.xlarge,/Users/Rang/Documents/benchmarking-sd/g4dn.xlarge/log/mlperf_log.json,3
1717747427168,0.4911361773808797,38,14,15360,3959,11142,40,32.56,0.004305627155039046,0.0027094345785511867,0.0018581318710909952,0.0015094251851505704,g4dn.xlarge,/Users/Rang/Documents/benchmarking-sd/g4dn.xlarge/log/mlperf_log.json,4
1717747459708,0.49241902828216555,7,5,15360,3959,11142,40,32.78,0.004316873481273651,0.0027165116393566132,0.0018629853236675263,0.0015133678135871888,g4dn.xlarge,/Users/Rang/Documents/benchmarking-sd/g4dn.xlarge/log/mlperf_log.json,5
1717747492335,0.49327528874079385,3,2,15360,3959,11142,40,32.58,0.004324380031294293,0.0027212353428867127,0.00186622484240267,0.0015159993873967064,g4dn.xlarge,/Users/Rang/Documents/benchmarking-sd/g4dn.xlarge/log/mlperf_log.json,6
1717747524938,0.49352489709854125,7,5,15360,3959,11142,40,32.88,0.004326568264563878,0.0027226123489936193,0.0018671691940228144,0.0015167665170828502,g4dn.xlarge,/Users/Rang/Documents/benchmarking-sd/g4dn.xlarge/log/mlperf_log.json,7
1717747557519,0.49309650659561155,7,5,15360,3959,11142,40,32.68,0.0043228127078215285,0.0027202490613857907,0.0018655484499533973,0.001515449930270513,g4dn.xlarge,/Users/Rang/Documents/benchmarking-sd/g4dn.xlarge/log/mlperf_log.json,8
1717747590456,0.49351683060328166,78,22,15360,3959,11142,40,32.88,0.00432649754828877,0.002722567848828104,0.0018671386757824157,0.0015167417260540856,g4dn.xlarge,/Users/Rang/Documents/benchmarking-sd/g4dn.xlarge/log/mlperf_log.json,9
1717747623048,0.4931139349937439,82,22,15360,3959,11142,40,33.08,0.004322965496778488,0.0027203452080488207,0.0018656143873929977,0.0015155034935474395,g4dn.xlarge,/Users/Rang/Documents/benchmarking-sd/g4dn.xlarge/log/mlperf_log.json,10
1717747655593,0.49283999601999917,45,15,15360,3959,11142,40,32.78,0.004320563965108659,0.002718833978043662,0.00186457798494233,0.0015146615877681307,g4dn.xlarge,/Users/Rang/Documents/benchmarking-sd/g4dn.xlarge/log/mlperf_log.json,11
1717747688087,0.49174389441808064,12,6,15360,3959,11142,41,32.98,0.00431095480773184,0.0027127871508730783,0.001860431067215072,0.0015112929021782347,g4dn.xlarge,/Users/Rang/Documents/benchmarking-sd/g4dn.xlarge/log/mlperf_log.json,12
1717747720610,0.49205795526504514,68,20,15360,3959,11142,40,32.66,0.00431370807449023,0.002714519719878833,0.0018616192640860878,0.0015122581158479058,g4dn.xlarge,/Users/Rang/Documents/benchmarking-sd/g4dn.xlarge/log/mlperf_log.json,13
1717747753121,0.4920157233874003,35,14,15360,3959,11142,40,32.86,0.00431333784169621,0.0027142867406871585,0.0018614594868156648,0.0015121283232106106,g4dn.xlarge,/Users/Rang/Documents/benchmarking-sd/g4dn.xlarge/log/mlperf_log.json,14
1717747785667,0.4928118666013082,1,0,15360,3959,11142,40,32.88,0.004320317363871469,0.0027186787974172173,0.0018644715619749496,0.0015145751366880207,g4dn.xlarge,/Users/Rang/Documents/benchmarking-sd/g4dn.xlarge/log/mlperf_log.json,15
1717747818227,0.492596173286438,82,22,15360,3959,11142,40,32.66,0.0043184264524777725,0.0027174888892968494,0.0018636555222670236,0.0015139122392336527,g4dn.xlarge,/Users/Rang/Documents/benchmarking-sd/g4dn.xlarge/log/mlperf_log.json,16
1717747850826,0.49290655851364135,69,21,15360,3959,11142,40,32.76,0.004321147496302922,0.0027192011811335882,0.0018648298130432765,0.0015148661564985911,g4dn.xlarge,/Users/Rang/Documents/benchmarking-sd/g4dn.xlarge/log/mlperf_log.json,17
1717747883401,0.4930725932121277,70,20,15360,3959,11142,40,32.76,0.004322603067159653,0.002720117139220238,0.0018654579776525497,0.001515376436471939,g4dn.xlarge,/Users/Rang/Documents/benchmarking-sd/g4dn.xlarge/log/mlperf_log.json,18
1717747915999,0.49341965913772584,63,19,15360,3959,11142,40,32.76,0.004325645678440729,0.0027220317862431207,0.0018667710437377293,0.001516443085749944,g4dn.xlarge,/Users/Rang/Documents/benchmarking-sd/g4dn.xlarge/log/mlperf_log.json,19
1717747948558,0.4929401238759359,60,19,15360,3959,11142,40,32.86,0.004321441752645704,0.002719386350048913,0.0018649568019972907,0.0015149693140453762,g4dn.xlarge,/Users/Rang/Documents/benchmarking-sd/g4dn.xlarge/log/mlperf_log.json,20
1717747981113,0.4928776383399963,17,10,15360,3959,11142,40,32.76,0.004320893962780635,0.0027190416381756466,0.0018647203983863194,0.001514777275164922,g4dn.xlarge,/Users/Rang/Documents/benchmarking-sd/g4dn.xlarge/log/mlperf_log.json,21
1717748013657,0.49250993728637693,7,5,15360,3959,11142,40,32.86,0.004317670450210572,0.0027170131540298465,0.0018633292627334597,0.001513647207260132,g4dn.xlarge,/Users/Rang/Documents/benchmarking-sd/g4dn.xlarge/log/mlperf_log.json,22
1717748046208,0.4927546143531799,67,20,15360,3959,11142,40,32.76,0.004319815452496211,0.002718362955848376,0.0018642549576361974,0.0015143991814454397,g4dn.xlarge,/Users/Rang/Documents/benchmarking-sd/g4dn.xlarge/log/mlperf_log.json,23
1717748078709,0.49207584460576376,39,14,15360,3959,11142,40,32.86,0.004313864904377196,0.0027146184094084635,0.0018616869454251396,0.0015123130957550475,g4dn.xlarge,/Users/Rang/Documents/benchmarking-sd/g4dn.xlarge/log/mlperf_log.json,24
1717748111335,0.49372654358545937,40,14,15360,3959,11142,40,32.66,0.004328336032099193,0.002723724765446451,0.0018679320898983213,0.001517386243952645,g4dn.xlarge,/Users/Rang/Documents/benchmarking-sd/g4dn.xlarge/log/mlperf_log.json,25
1717748143843,0.4919341246287028,23,10,15360,3959,11142,40,33.08,0.0043126224925782945,0.0027138365875350105,0.0018611507715119255,0.0015118775430255466,g4dn.xlarge,/Users/Rang/Documents/benchmarking-sd/g4dn.xlarge/log/mlperf_log.json,26
1717748176376,0.4923836350440979,80,23,15360,3959,11142,41,32.68,0.004316563200553259,0.00271631638665994,0.0018628514192501704,0.001513259038368861,g4dn.xlarge,/Users/Rang/Documents/benchmarking-sd/g4dn.xlarge/log/mlperf_log.json,27
1717748208906,0.49256766637166344,48,15,15360,3959,11142,40,32.68,0.004318176541858249,0.0027173316261503433,0.0018635476711061265,0.0015138246279822454,g4dn.xlarge,/Users/Rang/Documents/benchmarking-sd/g4dn.xlarge/log/mlperf_log.json,28
1717748241497,0.493275264898936,21,10,15360,3959,11142,40,32.78,0.004324379822280672,0.00272123521135913,0.0018662247522009746,0.00151599931412273,g4dn.xlarge,/Users/Rang/Documents/benchmarking-sd/g4dn.xlarge/log/mlperf_log.json,29
1717748274021,0.4923468351364136,9,5,15360,3959,11142,41,32.88,0.004316240588029226,0.0027161133738358816,0.0018627121929327645,0.001513145939985911,g4dn.xlarge,/Users/Rang/Documents/benchmarking-sd/g4dn.xlarge/log/mlperf_log.json,30
